<?xml version="1.0" encoding="UTF-8"?>
<project-private xmlns="http://www.netbeans.org/ns/project-private/1">
    <editor-bookmarks xmlns="http://www.netbeans.org/ns/editor-bookmarks/2" lastBookmarkId="0"/>
    <open-files xmlns="http://www.netbeans.org/ns/projectui-open-files/1">
        <file>file:/Users/peterrosner/Southbank/SSD2015/Code/Stopwatch/src/stopwatch/ElapsedTimer.java</file>
        <file>file:/Users/peterrosner/Southbank/SSD2015/Code/Stopwatch/src/stopwatch/Properties.java</file>
        <file>file:/Users/peterrosner/Southbank/SSD2015/Code/Stopwatch/src/stopwatch/Stopwatch.java</file>
        <file>file:/Users/peterrosner/Southbank/SSD2015/Code/Stopwatch/src/stopwatch/StopwatchController.java</file>
        <file>file:/Users/peterrosner/Southbank/SSD2015/Code/Stopwatch/src/stopwatch/StopwatchView.java</file>
        <file>file:/Users/peterrosner/Southbank/SSD2015/Code/Stopwatch/src/stopwatch/StopwatchPanel2.java</file>
    </open-files>
</project-private>
