<?xml version="1.0" encoding="UTF-8"?>
<project-private xmlns="http://www.netbeans.org/ns/project-private/1">
    <editor-bookmarks xmlns="http://www.netbeans.org/ns/editor-bookmarks/2" lastBookmarkId="0"/>
    <open-files xmlns="http://www.netbeans.org/ns/projectui-open-files/1">
        <file>file:/Users/peterrosner/Southbank/SSD2015/ListSwatch/src/stopwatch/ListSwatchController.java</file>
        <file>file:/Users/peterrosner/Southbank/SSD2015/ListSwatch/src/stopwatch/ListSwatchView.java</file>
        <file>file:/Users/peterrosner/Southbank/SSD2015/ListSwatch/src/stopwatch/ListPanel.java</file>
        <file>file:/Users/peterrosner/Southbank/SSD2015/ListSwatch/src/stopwatch/ListSwatch.java</file>
    </open-files>
</project-private>
